Model,Accuracy,Precision,Recall,F1_Score
BiLSTM-Attention,0.9983333333333333,0.9983416252072969,0.9983333333333333,0.9983333229166016
