Model,Accuracy,Precision,Recall,F1_Score
SVM,0.8583333333333333,0.8897416316660304,0.8583333333333333,0.8575001242891943
